{
  "version": 1,
  "author": "Uri Shaked",
  "editor": "wokwi",
  "parts": [
    { "type": "wokwi-breadboard", "id": "bb1", "top": -51, "left": -179.6, "attrs": {} },
    {
      "type": "wokwi-pi-pico",
      "id": "pico",
      "top": -47.3,
      "left": -30.75,
      "rotate": 90,
      "attrs": { "builder": "pico-sdk" }
    },
    {
      "type": "wokwi-pushbutton",
      "id": "btn1",
      "top": 19.1,
      "left": 128.3,
      "rotate": 90,
      "attrs": { "color": "green" }
    },
    { "type": "wokwi-led", "id": "led1", "top": -42, "left": 224.6, "attrs": { "color": "red" } },
    {
      "type": "wokwi-resistor",
      "id": "r1",
      "top": 52.8,
      "left": 210.65,
      "rotate": 90,
      "attrs": { "value": "330" }
    },
    {
      "type": "wokwi-resistor",
      "id": "r2",
      "top": 110.4,
      "left": 124.25,
      "rotate": 90,
      "attrs": { "value": "10000" }
    }
  ],
  "connections": [
    [ "bb1:bn.34", "bb1:42b.j", "black", [ "v0" ] ],
    [ "bb1:43b.f", "bb1:43t.d", "green", [ "v0" ] ],
    [ "led1:A", "bb1:43t.a", "", [ "$bb" ] ],
    [ "led1:C", "bb1:42t.a", "", [ "$bb" ] ],
    [ "bb1:35b.i", "bb1:bp.28", "red", [ "v38.4" ] ],
    [ "btn1:1.l", "bb1:35t.b", "", [ "$bb" ] ],
    [ "btn1:2.l", "bb1:33t.b", "", [ "$bb" ] ],
    [ "btn1:1.r", "bb1:35b.g", "", [ "$bb" ] ],
    [ "btn1:2.r", "bb1:33b.g", "", [ "$bb" ] ],
    [ "r1:1", "bb1:42t.d", "", [ "$bb" ] ],
    [ "r1:2", "bb1:42b.h", "", [ "$bb" ] ],
    [ "r2:1", "bb1:33b.h", "", [ "$bb" ] ],
    [ "r2:2", "bb1:bn.26", "", [ "$bb" ] ],
    [ "pico:GP0", "bb1:27t.c", "", [ "$bb" ] ],
    [ "pico:GP1", "bb1:26t.c", "", [ "$bb" ] ],
    [ "pico:GND.1", "bb1:25t.c", "", [ "$bb" ] ],
    [ "pico:GP2", "bb1:24t.c", "", [ "$bb" ] ],
    [ "pico:GP3", "bb1:23t.c", "", [ "$bb" ] ],
    [ "pico:GP4", "bb1:22t.c", "", [ "$bb" ] ],
    [ "pico:GP5", "bb1:21t.c", "", [ "$bb" ] ],
    [ "pico:GND.2", "bb1:20t.c", "", [ "$bb" ] ],
    [ "pico:GP6", "bb1:19t.c", "", [ "$bb" ] ],
    [ "pico:GP7", "bb1:18t.c", "", [ "$bb" ] ],
    [ "pico:GP8", "bb1:17t.c", "", [ "$bb" ] ],
    [ "pico:GP9", "bb1:16t.c", "", [ "$bb" ] ],
    [ "pico:GND.3", "bb1:15t.c", "", [ "$bb" ] ],
    [ "pico:GP10", "bb1:14t.c", "", [ "$bb" ] ],
    [ "pico:GP11", "bb1:13t.c", "", [ "$bb" ] ],
    [ "pico:GP12", "bb1:12t.c", "", [ "$bb" ] ],
    [ "pico:GP13", "bb1:11t.c", "", [ "$bb" ] ],
    [ "pico:GND.4", "bb1:10t.c", "", [ "$bb" ] ],
    [ "pico:GP14", "bb1:9t.c", "", [ "$bb" ] ],
    [ "pico:GP15", "bb1:8t.c", "", [ "$bb" ] ],
    [ "pico:GP16", "bb1:8b.h", "", [ "$bb" ] ],
    [ "pico:GP17", "bb1:9b.h", "", [ "$bb" ] ],
    [ "pico:GND.5", "bb1:10b.h", "", [ "$bb" ] ],
    [ "pico:GP18", "bb1:11b.h", "", [ "$bb" ] ],
    [ "pico:GP19", "bb1:12b.h", "", [ "$bb" ] ],
    [ "pico:GP20", "bb1:13b.h", "", [ "$bb" ] ],
    [ "pico:GP21", "bb1:14b.h", "", [ "$bb" ] ],
    [ "pico:GND.6", "bb1:15b.h", "", [ "$bb" ] ],
    [ "pico:GP22", "bb1:16b.h", "", [ "$bb" ] ],
    [ "pico:RUN", "bb1:17b.h", "", [ "$bb" ] ],
    [ "pico:GP26", "bb1:18b.h", "", [ "$bb" ] ],
    [ "pico:GP27", "bb1:19b.h", "", [ "$bb" ] ],
    [ "pico:GND.7", "bb1:20b.h", "", [ "$bb" ] ],
    [ "pico:GP28", "bb1:21b.h", "", [ "$bb" ] ],
    [ "pico:ADC_VREF", "bb1:22b.h", "", [ "$bb" ] ],
    [ "pico:3V3", "bb1:23b.h", "", [ "$bb" ] ],
    [ "pico:3V3_EN", "bb1:24b.h", "", [ "$bb" ] ],
    [ "pico:GND.8", "bb1:25b.h", "", [ "$bb" ] ],
    [ "pico:VSYS", "bb1:26b.h", "", [ "$bb" ] ],
    [ "pico:VBUS", "bb1:27b.h", "", [ "$bb" ] ],
    [ "bb1:25b.j", "bb1:bn.20", "black", [ "v0" ] ],
    [ "bb1:23b.j", "bb1:bp.18", "red", [ "v0" ] ],
    [ "bb1:21t.a", "bb1:33t.a", "green", [ "v0" ] ],
    [ "bb1:43b.j", "bb1:13t.b", "green", [ "v0" ] ]
  ],
  "dependencies": {}
}